{
  "username": "Cerebrum_DAO",
  "id": "1448253975980126209",
  "name": "Cerebrum DAO \ud83e\udde0",
  "profile_image_url": "https://pbs.twimg.com/profile_images/1745121973045227520/aFw6E4TO_normal.jpg",
  "description": "Accelerating solutions & cures to neurodegeneration and advancing brain longevity. #DeSci\n\nBrains helping Brains! \ud83e\udde0",
  "created_at": "2021-10-13T11:47:57.000Z",
  "public_metrics": {
    "followers_count": 5254,
    "following_count": 455,
    "tweet_count": 2516,
    "listed_count": 132,
    "like_count": 2285,
    "media_count": 490
  },
  "location": "Ethereum",
  "url": "https://t.co/BmsXQN853l",
  "collected_at": "2025-05-09T16:21:26.876481"
}